,maxThroughput,minMLUObj,minMLUConstraint
0,0.11599993705749512,0.03500008583068848,0.026999950408935547
1,0.03299999237060547,0.03000020980834961,0.031000137329101562
2,0.037999868392944336,0.06000018119812012,0.08099985122680664
3,0.15199995040893555,0.5299999713897705,0.5079998970031738
4,0.1959998607635498,0.5190000534057617,1.180999994277954
5,0.41899991035461426,1.0980000495910645,1.690000057220459
6,0.997999906539917,3.01200008392334,5.667999982833862
7,6.251000165939331,11.08299994468689,24.300999879837036
